[{"model": "auth.user", "pk": 46, "fields": {"password": "pbkdf2_sha256$216000$mLjZy164LkJT$0IPfhPNuuwP0xnFecIm+jGYsS6NGgF0SpQ0gl1IUs4A=", "last_login": "2021-04-16T11:25:30.372Z", "is_superuser": true, "username": "admin", "first_name": "", "last_name": "", "email": "admin@starter.com", "is_staff": true, "is_active": true, "date_joined": "2021-04-16T11:25:23.855Z", "groups": [], "user_permissions": []}}, {"model": "sessions.session", "pk": "0cg0f7fl6jgdezf8vfej3dmt78wqunbu", "fields": {"session_data": ".eJxVjDsOwjAQBe_iGln-xZ-U9JzB2mS9xIBsFCcSCHF3iJQC2jfz5sUirMsU15bmmJH1TLLD7zbAeE1lA3iBcq58rGWZ88A3he-08VPFdDvu7l9ggjZ93zQqAkTdOWcs2OQogdekEDpFPgSNFoXpjPdWKxMSWUJhtQtGkZbSb9GWWsu1xPS45_nJeqlEsEK8PxbqQAc:1lHT2n:D7vsz7Gi9A2BSDCLuVfc4YYw-T0QPpcuczvYn7J9ZYQ", "expire_date": "2021-03-17T15:04:09.971Z"}}, {"model": "sessions.session", "pk": "1tt03ny7x3l87k9la9ln96ga15lgumr4", "fields": {"session_data": ".eJxVjMsOwiAQRf-FtSE8LNAu3fsNBIYZixpoSptojP-uTbrQ7T3nnhfzYV1GvzacfU5sYJIdfrcY4IZlA-kayqVyqGWZc-Sbwnfa-LkmvJ929y8whjZ-39YehesNESUA4wghCNXr5MB0ShprtBMUo6EoHQSFUnZaRK3A9tpSNFu0YWu5Fo-PKc9PNoj3B5I2Px0:1lGkrZ:p-q2y_wKpFGqlJzXWgAQ3jRnP0r2BNk3Br-3rogCE80", "expire_date": "2021-03-15T15:53:37.438Z"}}, {"model": "sessions.session", "pk": "25newkybyh6vxfjuefvuksf139attr0r", "fields": {"session_data": ".eJxVjMsOwiAQRf-FtSGUR0e6dO83EGAYixpoSptojP-uTbrQ7T3nnhdzfl1Gt7Y0u4xsYFqww-8YfLylshG8-nKpPNayzDnwTeE7bfxcMd1Pu_sXGH0bv29rg_XSYNRHsFIoMihtol6hItBEqDoAHUhQpwIQml5JqcGATNH6DrZoS63lWlx6THl-skG8P6fsPwA:1lMBfH:LnmDYLBP4oTM9ZpcLRJrczIAWIdr2CVBoNuh_83GuHM", "expire_date": "2021-03-30T15:31:23.848Z"}}, {"model": "sessions.session", "pk": "2hf27l58vhf8pyfat6ut6dah8zn39kdj", "fields": {"session_data": ".eJxVjEEOgjAQRe_StWlaYErr0j1naGY6U0FNSSisjHcXEha6_e_991YRt3WMW5UlTqyuyqrL70aYnlIOwA8s91mnuazLRPpQ9EmrHmaW1-10_wIj1nF_A1nPKVvHYKhPrsmUWnJgybTsmywBILDZg4SYe9tgF7pOPICgCLP6fAEAtzkX:1lGgrl:RfBOC4anccbAyHKTwYISrlzeId_WmwJjD1nP9HNRJKI", "expire_date": "2021-03-15T11:37:33.320Z"}}, {"model": "sessions.session", "pk": "2w203qmv8ld4ulmo7a9aouv8cttxyurs", "fields": {"session_data": ".eJxVjDsOgzAQRO_iOrL8ZWPK9DkDWnu9gRCBhKFC3D1GokjKmXnzdtHhtvbdVvLSDSRa4ZS4_ZYR05inc6E3Tq9ZpnlalyHKE5HXWuRzpvx5XOyfoMfS13cIMaDxlNwdglGWPZmQubFkGRwzWQ3gIivWNgKTb6wxDjyYnAJqqNKIZcyraHdRY6uP4wsd0Dz2:1lXKE5:jwiONhT-fxb8WCK5waX1rA2yj1c_gml4p5EyclyQX8M", "expire_date": "2021-04-30T08:53:21.122Z"}}, {"model": "sessions.session", "pk": "30ix33kz2k0854mjp2zl76cj14baqdgp", "fields": {"session_data": ".eJxljUGKwzAMRe-idQhKOnHq7NqLGFmWianHHWJnaCm9-zglDJQu9f7_Tw8g5uuaivmVJfggzsg3hQhTWmNs_tM1ywITDNCAobXML2CC-2SW-CJpCyjGDbe7o3119ji3p3pJKoGphGs676s31Ux5rh7RR3Z-1Oi9YoUyaO2t9Z3X2I_CyinF1jrHWiyhG5VXhw7tEb80DnWzSbPkXN8Yuf2E5Q5T16NWiA1YyhcpMD2g7yp-Pv8AE0hcuQ:1lK3m7:KOwFnZhV57bqDqoNYpuPjbEynmguP1sxHXXTeKMcFM8", "expire_date": "2021-03-24T18:41:39.865Z"}}, {"model": "sessions.session", "pk": "388am313mugc8d4t46yxcl3u2wj9nphj", "fields": {"session_data": ".eJxVjDsOwyAQBe9CHSGw-Tllep8B7bIQnEQgGbuKcvcYyUUiverNaN7Mw75lv7e4-oXYlSnBLr8nQnjG0gk9oNwrD7Vs64K8K_ykjc-V4ut2un-BDC337igUaEEoAwWdcMREMqIAM6BN1oG1U1ROG2GCIJBqcocD4-A0HUvs8wUe1DiK:1lMB8Q:PAQ6a1JMLrqDL_pVZ4KCqr9bsyItDs1Pd8z3zK2w6JY", "expire_date": "2021-03-30T14:57:26.458Z"}}, {"model": "sessions.session", "pk": "64i8st8ubjfjtfxyn6s9ri9um24kd4nz", "fields": {"session_data": ".eJxVjDsOwjAQBe_iGln-ZjElfc5grb1eHECOFCcV4u4QKQW0b2beS0Tc1hq3XpY4kbgIp8Tpd0yYH6XthO7YbrPMc1uXKcldkQftcpypPK-H-3dQsddvHUIKaDxld4ZglGVPJhQeLFkGx0xWA7jEirVNwOQHa4wDD6bkgBrE-wMCaTfD:1lMBaF:F4efUZWWpfNyM1yTeQ7uJ9U3F3WA_2VMawBY1Z1T5Oo", "expire_date": "2021-03-30T15:26:11.487Z"}}, {"model": "sessions.session", "pk": "6pgkw4h4cwmqsuae4d4qyaeb6qspyfgf", "fields": {"session_data": ".eJxVjL0OgzAQg9_lZhTlQn4KY_c-A7rkjkKpQCIwId69UDG0iy35s71BQ-vSNWuWuekZarAeit8wUhpkPAm_aHxOKk3jMvdRnRV10aweE8v7fnX_DjrK3bGWaEr05AKKE2-rkFoM1lZaM7alTjoKWYtOk3Hp5qTiYAyGln0qE0dznEbKgyxQb4AINRaA9mvh0H3_ADIoP0Y:1lXMwD:H4v05_iu8Ip2n--e4uOeOzsbH5oKwKamHxglCO0Kwww", "expire_date": "2021-04-30T11:47:05.173Z"}}, {"model": "sessions.session", "pk": "90ko6qs9kor7q57jwt6g6sezryvxg766", "fields": {"session_data": ".eJxdi8EKwjAQBX_lsedSike_wqs0JSRxqSsmG7INIuK_aw9enOMw8yKf2SysbHSkeXbk_c20_KyjYRoO0-DorB2F-YKAzDlys6tUbIqQ0rdFbZylZzROUtlG_HO6czCGyVogZT-f2tu-ay8btMF6tNQkMoo-RkfLQu8P5dY1JQ:1lLQIv:h6mmlZWGOvBiNdcesN69sViCgUvLWIu53HfIxUTRbtY", "expire_date": "2021-03-28T12:57:09.854Z"}}, {"model": "sessions.session", "pk": "9uxyqyjccdzrrx7vogyekvjci22fdgkm", "fields": {"session_data": ".eJxdi8EKwjAQBX_lsedSike_wqs0JSRxqSsmG7INIuK_aw9enOMw8yKf2SysbHSkeXbk_c20_KyjYRoO0-DorB2F-YKAzDlys6tUbIqQ0rdFbZylZzROUtlG_HO6czCGyVogZT-f2tu-ay8btMF6tNQkMoo-RkfLQu8P5dY1JQ:1lLQIv:h6mmlZWGOvBiNdcesN69sViCgUvLWIu53HfIxUTRbtY", "expire_date": "2021-03-28T12:57:09.781Z"}}, {"model": "sessions.session", "pk": "a3lmf3fjyyob4w7500ga5sjsjz5vbo44", "fields": {"session_data": ".eJxdi8EKwjAQBX_lsedSike_wqs0JSRxqSsmG7INIuK_aw9enOMw8yKf2SysbHSkeXbk_c20_KyjYRoO0-DorB2F-YKAzDlys6tUbIqQ0rdFbZylZzROUtlG_HO6czCGyVogZT-f2tu-ay8btMF6tNQkMoo-RkfLQu8P5dY1JQ:1lLQIc:LFG0JlM6Fl1pluXmkXPjz8mjt8GlWL24Nl1HWkd89jw", "expire_date": "2021-03-28T12:56:50.785Z"}}, {"model": "sessions.session", "pk": "d0fj7q08g2jbdnbp2zq671by64uibcs6", "fields": {"session_data": ".eJxVjDsOwyAQBe9CHSGw-Tllep8B7bIQnEQgGbuKcvcYyUUiverNaN7Mw75lv7e4-oXYlSnBLr8nQnjG0gk9oNwrD7Vs64K8K_ykjc-V4ut2un-BDC337igUaEEoAwWdcMREMqIAM6BN1oG1U1ROG2GCIJBqcocD4-A0HUvs8wUe1DiK:1lMBIi:bbTt9sB1vq9m2ll-EAKRi3d_0IMXveSSVKqMtRyiUHY", "expire_date": "2021-03-30T15:08:04.030Z"}}, {"model": "sessions.session", "pk": "disxeztrjh2s2l0lr8i7u2r3ceiibznw", "fields": {"session_data": ".eJxVjMsOwiAQRf-FddNAC30t3fsNZGAGi1YwpTUa479bTGNiclfnnNwXA2vjGhZ9p9k7T6jpCn5iQ1inqfjZNdHMBiYUK5iGdRm_RHvcoOT_0IC9UMgGzxBOsbQxLLM3ZU7K3abyGJGmw97-HYyQxvxbcwmKoxEWrXKmNg4FGQ5NZVrXdtC2PclONbyxHEHIvtsaqKtO4TaXTxOl5GPQ9Lj5-ckG_v4AEZFRjA:1lMB6X:fgYOObXLXkiJ2sG8z1n8eqkjD9lqlpjHfSvCbG05BqM", "expire_date": "2021-03-30T14:55:29.816Z"}}, {"model": "sessions.session", "pk": "dm6a41uob0s46jnotaxzcnaaj4nsk42r", "fields": {"session_data": ".eJxVjMsOwiAQRf-FtSE8O-LSvd9AgGEsasCUNtEY_12bdKHbe849L-bDMo9-6XnyBdmBGcF2v2MM6ZrrSvAS6rnx1Oo8lchXhW-081PDfDtu7l9gDH38vp2LLiiLyezBKaHJonKZBo2awBChlgAmkiCpIxDaQStlwILKyQUJa7Tn3kurPj_uZXqyg1TCDUK8PySHQDI:1lRsbw:OZQriGOvyulbe-QS32gCw-Ih2-m32jhZSrPr16a9vxI", "expire_date": "2021-04-15T08:23:28.997Z"}}, {"model": "sessions.session", "pk": "du1tb40pc40gf0vhyn157yykzpbv92mo", "fields": {"session_data": ".eJxdi8EKwjAQBX_lsedSike_wqs0JSRxqSsmG7INIuK_aw9enOMw8yKf2SysbHSkeXbk_c20_KyjYRoO0-DorB2F-YKAzDlys6tUbIqQ0rdFbZylZzROUtlG_HO6czCGyVogZT-f2tu-ay8btMF6tNQkMoo-RkfLQu8P5dY1JQ:1lLQIc:LFG0JlM6Fl1pluXmkXPjz8mjt8GlWL24Nl1HWkd89jw", "expire_date": "2021-03-28T12:56:50.243Z"}}, {"model": "sessions.session", "pk": "ewbijbbn8zqf75hvobbmqmjkpq31ipqb", "fields": {"session_data": "eyJfbWVzc2FnZXMiOiJbW1wiX19qc29uX21lc3NhZ2VcIiwwLDQwLFwiVGhlcmUncyBub3RoaW5nIGluIHlvdXIgYmFza2V0IHJpZ2h0IG5vd1wiXV0ifQ:1lKjXL:e3QDgdwIJFIOxToUG5XPfjtmwWxonbSr1Rtcp_nEmSQ", "expire_date": "2021-03-26T15:17:11.640Z"}}, {"model": "sessions.session", "pk": "f9qrpu1x2jnkwhwtyxp6zd663ju22z4z", "fields": {"session_data": ".eJxVjstugzAQRX8FzRoh_MSw7L6rLkNkGc84JKE4wmYRRfn3OlIqtdtz7z0zD7Buz7PdE232jDAAg_ovm5y_0voK8OLWU2x8XPN2nppXpXmnqfmMSMvHu_tPMLs0l3XwPDhEobpOaqepC-SMCByd4sH0vUCNrVTSGC247CnogK0WXS95EIyZIp1culKG4QEKBvYsV74pJXeiVPyHwwjWXlJcf-kIdVtzVY_wtXtfWNiX5V6VPykTVqy6bRF3n5sRjkd4_gBXv1cY:1lJHLD:jHZSTBel_NMlp1LnN98KspdAL4nnnp32nkwMpm352gA", "expire_date": "2021-03-22T14:58:39.197Z"}}, {"model": "sessions.session", "pk": "fgghkfjft7a7v6isljdvhy7jd4xo7vej", "fields": {"session_data": ".eJxdi8EKwjAQBX_lsedSike_wqs0JSRxqSsmG7INIuK_aw9enOMw8yKf2SysbHSkeXbk_c20_KyjYRoO0-DorB2F-YKAzDlys6tUbIqQ0rdFbZylZzROUtlG_HO6czCGyVogZT-f2tu-ay8btMF6tNQkMoo-RkfLQu8P5dY1JQ:1lLQIv:h6mmlZWGOvBiNdcesN69sViCgUvLWIu53HfIxUTRbtY", "expire_date": "2021-03-28T12:57:09.714Z"}}, {"model": "sessions.session", "pk": "g19g2m455oteludsnqcf0x6l3go161yq", "fields": {"session_data": "eyJiYXNrZXQiOnsiMyI6Mn19:1lGpqA:GjEwGn3slyX3EZqHP2i1LawyExGxH3_MJgZ7oGOT3dk", "expire_date": "2021-03-15T21:12:30.239Z"}}, {"model": "sessions.session", "pk": "hcv95nfumgjyar5h3fd2gp7hwt5fs963", "fields": {"session_data": ".eJxVjEEKgzAQRe8yawmJGhNddt8zyEwm1tRiilFoEe9eLS5a-MyH-Y-3QovL3LdL8lMbGBooJWS_T0I3-PFY-I7jLQoXx3kKJA5EnGsS18j-cTnZP0GPqT-8hSxRSybl2OmOCupYeZJY5WQ6Y9GY2pdWV7JyklGVtd0ZLHKreU93SJNPKcSx9a9nmN7QyAwI0-BnaFZQGhqVgf1epfbatg8IPUdI:1lXM3l:fWYfQTlJF9zxx3APzBI3OGc01qJ1cqJPa4d-LfdfxSI", "expire_date": "2021-04-30T10:50:49.180Z"}}, {"model": "sessions.session", "pk": "izzffcb011ld8wrin7n46gywxafkhoem", "fields": {"session_data": "eyJfbWVzc2FnZXMiOiJbW1wiX19qc29uX21lc3NhZ2VcIiwwLDQwLFwiVGhlcmUncyBub3RoaW5nIGluIHlvdXIgYmFza2V0IHJpZ2h0IG5vd1wiXV0ifQ:1lKjXL:e3QDgdwIJFIOxToUG5XPfjtmwWxonbSr1Rtcp_nEmSQ", "expire_date": "2021-03-26T15:17:11.720Z"}}, {"model": "sessions.session", "pk": "jxjwzo24tgt0gsmwjq7pqj8o9fpxnkrv", "fields": {"session_data": ".eJxdi8EKwjAQBX_lsedSike_wqs0JSRxqSsmG7INIuK_aw9enOMw8yKf2SysbHSkeXbk_c20_KyjYRoO0-DorB2F-YKAzDlys6tUbIqQ0rdFbZylZzROUtlG_HO6czCGyVogZT-f2tu-ay8btMF6tNQkMoo-RkfLQu8P5dY1JQ:1lLQIv:h6mmlZWGOvBiNdcesN69sViCgUvLWIu53HfIxUTRbtY", "expire_date": "2021-03-28T12:57:09.916Z"}}, {"model": "sessions.session", "pk": "k535zumj1ykem5u3pxds16omc43kn2in", "fields": {"session_data": ".eJxVjMEOwiAQBf-FsyHbFgrt0bvfQBYWLGqgKW2iMf67JelBk3d6M5k3M7itk9mKX0wkNjIB7PR7WnR3nyqhG6Zr5i6ndYmWV4UftPBLJv84H-5fYMIy1W4HAiWQbRw5GWxnAzXeAvatVUFpVGrwQsseegeEjRj07mDXakn7Qo0WX0rMyfjnHJcXG-HzBdPjP8c:1lMBHp:2mQTZChtqh0IZHOHJRcWfnoA6Egus2Ne8c5W29i1tPc", "expire_date": "2021-03-30T15:07:09.759Z"}}, {"model": "sessions.session", "pk": "khpfyrbjg05fu9j2yr751qpjtrl615pq", "fields": {"session_data": "eyJfbWVzc2FnZXMiOiJbW1wiX19qc29uX21lc3NhZ2VcIiwwLDQwLFwiVGhlcmUncyBub3RoaW5nIGluIHlvdXIgYmFza2V0IHJpZ2h0IG5vd1wiXV0ifQ:1lKjXL:e3QDgdwIJFIOxToUG5XPfjtmwWxonbSr1Rtcp_nEmSQ", "expire_date": "2021-03-26T15:17:11.445Z"}}, {"model": "sessions.session", "pk": "mwnm94t28zho6js5ddviovxxetjv3faw", "fields": {"session_data": "e30:1lLSrj:VxKoNnYADw-wop5xEQHXVuxMzYwhRlkhG_7KATRd2X8", "expire_date": "2021-03-28T15:41:15.069Z"}}, {"model": "sessions.session", "pk": "o3bqpjc8l6or18wrmtlq5a85yctxgetc", "fields": {"session_data": ".eJxVjMsOgjAUBf_lrpumT0q7dO83NH1K1RRDIdEQ_l1IWOj2zJxZwbplHuzS0mRLBAOCAPodvQuPVA8S767eRhzGOk_F40PBJ234Osb0vJzuX2BwbdjfWnvtmIxB9EozwrOMTKfc8cizEjlHTpUSPpNMuVc5yo4zJpRULAXtqDqiLbVWxmrT-1WmDxiCwLv2SDOYFXowHMEuGoqAcTBs277Eb0aJ:1lXLyh:JrTD5SXxoTsIN7A7CeKf_2zjt4Xx3HEXUvS69ax6Pvk", "expire_date": "2021-04-30T10:45:35.756Z"}}, {"model": "sessions.session", "pk": "o5msthyljy1j86fgfvwhenybk19iqe8c", "fields": {"session_data": ".eJxVj0FugzAURO_iNUVgbIxZZt8zWN_2UBwojmxoG0W5eyFKW3U7b-ZJc2PkXNyW1XwghSHAG7xTmFm_bPNc_NItI7Getaxg5kI5f8bkTULGaiZcd0JnpOv0YlvSnaSWD8pa4lCqaxuFutZW-FY-9rSt40Nogv9x_mWW3ITlAP5My1ssXVzWFGx5VMonzeVr9JhPz-4_wUh5PNaiaxysIL5_UF1dQYtGKngrwVFrr721gICTIC206wSv5CDJ6ab1Qh_SjJxDXAy-LiHtL6uCWcoTVtbfGK9Zz-_3b4BNaxg:1lKm3d:uClLmEeGqW-DPqVLTfZO8wsNLEltUNHqiQk-cShJT5s", "expire_date": "2021-03-26T17:58:41.010Z"}}, {"model": "sessions.session", "pk": "ok7vm0l4oj7yt29ckf75w35m5ejrbmxr", "fields": {"session_data": ".eJxVjEsOwiAUAO_C2hC-rzyX7nsGwgOUqoGktCvj3ZWkC93OTObFfNi34veeV78kdmbGstMvpBAfuQ6T7qHeGo-tbutCfCT8sJ3PLeXn5Wj_BiX0Mr4I1uoUpdIAkMhNZoKYEDEoYYVUSGAgikgSwAWN5JzA67cgRRkVe38A2VA3Mw:1lXMQ6:ly-mq1zqanmIp-ODNVZZmE2JFzY8QX2whp2KLHQaLoQ", "expire_date": "2021-04-30T11:13:54.962Z"}}, {"model": "sessions.session", "pk": "p5rsqtc60czhbp9jxv0g8ou1z3edsvp7", "fields": {"session_data": "eyJfbWVzc2FnZXMiOiJbW1wiX19qc29uX21lc3NhZ2VcIiwwLDQwLFwiVGhlcmUncyBub3RoaW5nIGluIHlvdXIgYmFza2V0IHJpZ2h0IG5vd1wiXV0ifQ:1lKjXM:Fwci6G0RzX3PaTul6dboYeV8FGWv7FvBpc2yBAtnUYY", "expire_date": "2021-03-26T15:17:12.073Z"}}, {"model": "sessions.session", "pk": "rp8vgq564g9b4xd78e0asllw0v2wdvbp", "fields": {"session_data": "eyJfcGFzc3dvcmRfcmVzZXRfa2V5IjoiYWplcnlrLWI2YTk4NWE2MmY3YmJhMmU3Nzg2MzdlMTE5YjRkNjU2In0:1lKlqr:PeVm7FCEExjU2YqnvRg2lmkFlEscwvAdVCtGeGB2Z5k", "expire_date": "2021-03-26T17:45:29.641Z"}}, {"model": "sessions.session", "pk": "t0fralivtt4w347q39pkt3cqpg0twk7w", "fields": {"session_data": ".eJxlj9GKwyAQRf9lnkOIxsTGt-2PyGhGIrVmidpuKfvva0pYKPVhwHNnzjBPQGvXErO-0eadp1nTFX0AFUsIzX9aEm2ggEMDGkteXkD7-ZMZtBeKe4Ah7Lg9HO2r54hT-1V_FLO3mP0az8fUm2rBtFSPdR3ynnHT0yglm0c6nVgvSEySIaGbBi5RcD4I0eHMhByRUT8Z6QZhJXO7NFFKdY2mn2-_PUB1DRhMF8qgnvWCWnyma9Lmoe0a1rLt6L5UCIr91vcHMp9k2A:1lH9Ru:kIgh8vywCYWl6bGzGDuf-91Cles3Wi5vche_xtOH2N0", "expire_date": "2021-03-16T18:08:46.689Z"}}, {"model": "sessions.session", "pk": "ty2m9dlmxys2gf5gunzuepvm0pbz5g9r", "fields": {"session_data": ".eJxdi8EKwjAQBX_lsedSike_wqs0JSRxqSsmG7INIuK_aw9enOMw8yKf2SysbHSkeXbk_c20_KyjYRoO0-DorB2F-YKAzDlys6tUbIqQ0rdFbZylZzROUtlG_HO6czCGyVogZT-f2tu-ay8btMF6tNQkMoo-RkfLQu8P5dY1JQ:1lLQIc:LFG0JlM6Fl1pluXmkXPjz8mjt8GlWL24Nl1HWkd89jw", "expire_date": "2021-03-28T12:56:50.859Z"}}, {"model": "sessions.session", "pk": "u266ga7vx5uce2mocd0oytufvbo7ob18", "fields": {"session_data": ".eJxVjEEOgjAQRe_StWkYaCmwdO8Zmul0kKppCYVEY7y7NGGh2_fe_29hcVsnu2VebPBiEEacfplDunMswt8wXpOkFNclOFkSedgsL8nz43y0fwcT5mlfd9wZR50iBQCanSGoUZFh7FsDakQYa3KNg14X0ehR-baCqjY7Ubopp5lzDilafs5heYmh-nwBdzU-Qg:1lKnIt:pAfPhHrG-Ay_a5ZLeZUzTE8ZriKk55Fh5n2Ve7JmpPI", "expire_date": "2021-03-26T19:18:31.304Z"}}, {"model": "sessions.session", "pk": "v2ose9me4kxyuh8ww3ppegwygada9659", "fields": {"session_data": ".eJxVjMsOwiAQRf-FtSE87AAu3fcbCDMwUjU0Ke3K-O_apAvd3nPOfYmYtrXGrZclTllchBan3w0TPUrbQb6ndpslzW1dJpS7Ig_a5Tjn8rwe7t9BTb1-a-fOygdg5kwEngslZYLNnmAwGhxYrxgRGLWnZIrWg1VoDblgHSOI9wfqYDfg:1lIAbP:gJE6Yu3YqJZ1ZUrXJU-yNzVHQD1KZxyypt6XkjWO50M", "expire_date": "2021-03-19T13:34:47.490Z"}}, {"model": "sessions.session", "pk": "wgg2sizrermle09chq33arnlyz9vphs7", "fields": {"session_data": ".eJxVjMsOgjAQRf-la0KgLaVl6d5vaIbOjFSxTXi4Mf67YIgJ23POvW8BIeQ1Lf5FU-RI6OkJcRRdWsex-Nt1pkl0QolCeFiX4Qd8xI3VZ9ZDeFDaBd4h3XIZclqm2Jd7Uh52Lq8Zabwc7elggHnY1hwkA6Jq2lYbMNQygVUsERrJ1jmFBivdaGuNktoRG8bKqNZpyaqurfh8AY1NSSo:1lHsY2:WDn9n8VeQMcA9DK1mfFj1Ppw-gjHfhfioI24c47wu68", "expire_date": "2021-03-18T18:18:06.844Z"}}, {"model": "sessions.session", "pk": "yini7isjzmrsv9rl20if40u5tvleyktl", "fields": {"session_data": ".eJxdi8EKwjAQBX_lsedSike_wqs0JSRxqSsmG7INIuK_aw9enOMw8yKf2SysbHSkeXbk_c20_KyjYRoO0-DorB2F-YKAzDlys6tUbIqQ0rdFbZylZzROUtlG_HO6czCGyVogZT-f2tu-ay8btMF6tNQkMoo-RkfLQu8P5dY1JQ:1lLQIc:LFG0JlM6Fl1pluXmkXPjz8mjt8GlWL24Nl1HWkd89jw", "expire_date": "2021-03-28T12:56:50.678Z"}}, {"model": "sessions.session", "pk": "za17k6mtv0fzfyvkdvzedwpw5kj37e38", "fields": {"session_data": "eyJfbWVzc2FnZXMiOiJbW1wiX19qc29uX21lc3NhZ2VcIiwwLDQwLFwiVGhlcmUncyBub3RoaW5nIGluIHlvdXIgYmFza2V0IHJpZ2h0IG5vd1wiXV0ifQ:1lKjXL:e3QDgdwIJFIOxToUG5XPfjtmwWxonbSr1Rtcp_nEmSQ", "expire_date": "2021-03-26T15:17:11.535Z"}}, {"model": "sites.site", "pk": 1, "fields": {"domain": "example.com", "name": "example.com"}}, {"model": "products.category", "pk": 1, "fields": {"name": "tools", "friendly_name": "Tools"}}, {"model": "products.category", "pk": 2, "fields": {"name": "ingredients", "friendly_name": "Ingredients"}}, {"model": "products.product", "pk": 6, "fields": {"category": 1, "sku": "MS-1", "name": "Measuring Spoons", "description": "Put away the scales and use these Stainless Steel Measuring Spoons for your measurements. \r\n\r\nThe long, sturdy handles make it easy to get in to deep containers. \r\n\r\nThe Spoons are held together with a metal ring (not pictured) for easy storage.", "price": "15.99", "image_url": null, "image": "measuring-spoons.png", "added_date": "2021-03-08", "featured": true, "inventory": 15, "inventory_updated": false}}, {"model": "products.product", "pk": 7, "fields": {"category": 1, "sku": "CAS-IRN", "name": "Cast Iron Dutch Oven", "description": "Extremely versatile as cooking equipment and a necessary for baking your Sourdough Loaf. \r\n\r\nMade from smooth, porcelain enamel exterior is durable, keeps its colour and is easy to clean.", "price": "69.99", "image_url": null, "image": "cast-iron.png", "added_date": "2021-03-08", "featured": false, "inventory": 20, "inventory_updated": false}}, {"model": "products.product", "pk": 8, "fields": {"category": 2, "sku": "HTOM1", "name": "Homemade Tomato Sauce 400g", "description": "We've done the hard work so you don't have to! Our tomato sauce is made up of cherry tomatoes, garlic, onions and a blend of Italian herbs and spices. All thrown together and cooked low and slow.\r\n\r\nWe love using this as a base to out sourdough pizza recipe or just mix it with some pasta for a quick, delicious and nutritious dinner.", "price": "4.99", "image_url": null, "image": "tomato-sauce.png", "added_date": "2021-03-08", "featured": true, "inventory": 9, "inventory_updated": false}}, {"model": "products.product", "pk": 9, "fields": {"category": 1, "sku": "MLK-1", "name": "Milk Can", "description": "Lorem ipsum dolor sit amet, consectetur adipiscing elit. Etiam risus felis, porta vel eros ultrices, cursus semper nisi. Suspendisse tincidunt dolor in mi elementum, vel fermentum magna imperdiet. Etiam sollicitudin, magna sed suscipit posuere, diam augue volutpat magna, nec sagittis velit enim vitae nisi.", "price": "22.99", "image_url": null, "image": "milk-cans.png", "added_date": "2021-03-08", "featured": true, "inventory": 20, "inventory_updated": false}}, {"model": "products.product", "pk": 10, "fields": {"category": 2, "sku": "SLT1", "name": "Sea Salt 200g", "description": "An absolute essential. Our organic sea salt is  handcrafted in small batches using traditional methods and contains the perfect balance of natural minerals to enhance your dishes.", "price": "2.99", "image_url": null, "image": "salt.png", "added_date": "2021-03-08", "featured": true, "inventory": 20, "inventory_updated": false}}, {"model": "products.product", "pk": 11, "fields": {"category": 1, "sku": "BRDB-WD", "name": "Bread Board", "description": "Our Bread Board is made from Oak Wood, so the grain markings are unique to each one. The hardwood makes it suitable as a chopping board but it can also be used as a to display your bakes.", "price": "34.99", "image_url": null, "image": "bread-board.png", "added_date": "2021-03-09", "featured": false, "inventory": 7, "inventory_updated": false}}, {"model": "products.product", "pk": 12, "fields": {"category": 1, "sku": "BRD-BN", "name": "Bread Bin", "description": "Keep your bakes fresh with this bread bin. The bin has a bamboo wood cutting lid that can also be used as a bread cutting board.", "price": "39.99", "image_url": null, "image": "bread-bin.png", "added_date": "2021-03-09", "featured": false, "inventory": 20, "inventory_updated": false}}, {"model": "products.product", "pk": 13, "fields": {"category": 1, "sku": "BRD-KNF", "name": "Bread Knife", "description": "This long serrated blade designed to slice through foods hard on the outside and soft on the inside, much like your Sourdough Loaf should be!", "price": "24.99", "image_url": null, "image": "bread-knife.png", "added_date": "2021-03-09", "featured": true, "inventory": 19, "inventory_updated": false}}, {"model": "products.product", "pk": 14, "fields": {"category": 2, "sku": "HM-BTR", "name": "Cultured Butter", "description": "The perfect topping for your freshly baked bread.", "price": "4.99", "image_url": null, "image": "butter.png", "added_date": "2021-03-09", "featured": false, "inventory": 20, "inventory_updated": false}}, {"model": "products.product", "pk": 15, "fields": {"category": 2, "sku": "CIN1", "name": "Ground Cinnamon 40g", "description": "Subtly sweet with earthy notes. Sprinkle on top of anything or combine in cooking for added depth.", "price": "2.99", "image_url": null, "image": "cinamon.png", "added_date": "2021-03-09", "featured": false, "inventory": 13, "inventory_updated": false}}, {"model": "products.product", "pk": 16, "fields": {"category": 1, "sku": "CRM-JR", "name": "Ceramic Jar", "description": "Store your flour in style or use to keep your smaller bakes fresh with these beautifully crafted Ceramic Jars.", "price": "45.00", "image_url": null, "image": "clay-jar.png", "added_date": "2021-03-09", "featured": false, "inventory": 20, "inventory_updated": false}}, {"model": "products.product", "pk": 17, "fields": {"category": 1, "sku": "LME-1", "name": "Baker's Lame", "description": "An essential in any sourdough baker's draw to score your loafs with precision. Made from stainless steel, It’s a rust-free, sharp, sturdy and durable.", "price": "9.50", "image_url": null, "image": "lame.png", "added_date": "2021-03-09", "featured": false, "inventory": 19, "inventory_updated": false}}, {"model": "products.product", "pk": 18, "fields": {"category": 1, "sku": "MS-JS", "name": "Glass Measuring Jug 50ml", "description": "For the very precise measurements necessary for some of our recipes. Microwave and washing machine safe.", "price": "6.00", "image_url": null, "image": "measuring-jug.png", "added_date": "2021-03-09", "featured": false, "inventory": 5, "inventory_updated": false}}, {"model": "products.product", "pk": 19, "fields": {"category": 1, "sku": "WR-PN", "name": "Wooden Rolling Pin", "description": "A smooth, natural rolling pin that is easy on the hands and the dough.", "price": "20.00", "image_url": null, "image": "rolling-pin.png", "added_date": "2021-03-09", "featured": false, "inventory": 20, "inventory_updated": false}}, {"model": "products.product", "pk": 20, "fields": {"category": 2, "sku": "STA1", "name": "Starter 150g", "description": "Where it all begins. Our Sourdough is sourced from starter cultures that have been in use for over a century. Giving you the ultimate starting point.\r\n\r\nCheckout our guide on starter maintenance for instructions on starter best practices.", "price": "3.50", "image_url": null, "image": "starter-product.png", "added_date": "2021-03-09", "featured": false, "inventory": 18, "inventory_updated": false}}, {"model": "products.product", "pk": 21, "fields": {"category": 1, "sku": "TEA-LIN", "name": "Linen Tea Towels Set of 3", "description": "Simple yet effective. The composition of these 100% linen tea towels minimise lint, which is ideal for covering your bakes.", "price": "28.90", "image_url": null, "image": "tea-towels.png", "added_date": "2021-03-09", "featured": true, "inventory": 19, "inventory_updated": false}}, {"model": "products.product", "pk": 22, "fields": {"category": 2, "sku": "HTOM1", "name": "Starter's Homemade Tomato Sauce", "description": "Let us do the hard work with our tomato sauce, slow cooked over night to absolute perfection. We love this using this sauce as the base for our Sourdough Pizza recipe, or slather on toasted Sourdough Loaf for an easy bruschetta.", "price": "5.60", "image_url": null, "image": "tomato-sauce.png", "added_date": "2021-03-09", "featured": false, "inventory": 19, "inventory_updated": false}}, {"model": "products.product", "pk": 23, "fields": {"category": 2, "sku": "WHT-FLR-1", "name": "White Bread Flour 1.5kg", "description": "Strong white bread flour.", "price": "3.50", "image_url": null, "image": "white-bread.png", "added_date": "2021-03-10", "featured": false, "inventory": 20, "inventory_updated": false}}, {"model": "products.product", "pk": 24, "fields": {"category": 2, "sku": "SP-FLR", "name": "Spelt Flour 1.5kg", "description": "A great alternative to white or wholewheat flour. Spelt flour is 100% stone ground and easier to digest for some.", "price": "3.50", "image_url": null, "image": "spelt.png", "added_date": "2021-03-10", "featured": false, "inventory": 20, "inventory_updated": false}}, {"model": "products.product", "pk": 25, "fields": {"category": 2, "sku": "WHWH-FLR-1", "name": "Wholewheat Flour 1.5kg", "description": "Derived by grinding or mashing the whole grain of wheat, also known as the wholemeal. Mix with lighter flour to provide extra nutrition and depth of flavour.", "price": "3.50", "image_url": null, "image": "wholewheat.png", "added_date": "2021-03-10", "featured": false, "inventory": 12, "inventory_updated": false}}, {"model": "products.product", "pk": 26, "fields": {"category": 2, "sku": "00-fl-1", "name": "00 Flour 1.5kg", "description": "The finest of flours. A wheat flour typically milled in Italy, where millers grade their flour by using a ‘zero’ rating.", "price": "3.50", "image_url": null, "image": "00-flour.png", "added_date": "2021-03-10", "featured": false, "inventory": 20, "inventory_updated": false}}, {"model": "products.product", "pk": 27, "fields": {"category": 2, "sku": "RY-FLR", "name": "Rye Flour 1.5kg", "description": "A distinctive tasting flour that compliments sourdough beautifully. Rye flour is the powder milled from whole rye berries or grains from rye grass.", "price": "3.50", "image_url": null, "image": "rye.png", "added_date": "2021-03-10", "featured": false, "inventory": 20, "inventory_updated": false}}, {"model": "profiles.userprofile", "pk": 70, "fields": {"user": 46, "default_full_name": null, "default_phone_number": "+447900694033", "default_street_address1": "13 Thorncliffe road, Mapperly park, Mapperly park, Mapperly park, Mapperly park,", "default_street_address2": "Mapperly park", "default_town_or_city": "Nottingham", "default_county": "East Midlands", "default_country": "GB", "default_postcode": "NG3 5BQ", "membership": false, "stripe_customer_id": null, "stripe_subscription_id": null, "cancel_at_period_end": false}}, {"model": "recipes.recipe", "pk": 4, "fields": {"title": "The Sourdough Loaf", "description": "Once you've mastered this staple, everything else will be a piece of cake (sometimes literally!).", "instructions": "In a large bowl, mix starter and the water then add the flour and mix together with your hands. It will come together and look shaggy. Cover with a cloth and set aside for 30-60 mins in a warm place. \r\n\r\nAfter this period sprinkle the salt on top and add a small amount (tablespoon) of water to help it dissolve. Mix it in by pulling the sides of the dough up and over into the centre. If it’s sticky then wet your hands and that will let you handle it. Cover and set your timer for 30 minutes. \r\n\r\nAfter 30 minutes fold the dough. To do this you lift and stretch one side of the dough and push it into the middle. You do each side so this means you do four lift and stretches.  \r\n\r\nRepeat this 3 more times at 30 minute intervals. \r\n\r\nThen put in the fridge overnight. \r\n\r\nThe next morning heat your oven as hot as it will go. Put the bread into a dutch oven if you have one or a baking tray if you don’t. \r\n\r\nScore the top of the loaf 2 or 3 times to let the air escape and bake for 45 mins. \r\n\r\nRemove the loaf from the oven and allow to cool for at least 2 hours as it will continue steaming inside its crust during this time. \r\n\r\nCut and enjoy!", "image_url": null, "image": "sourdough-loaf.png", "added_date": "2021-03-01T16:42:28.149Z", "premium": false, "featured": true}}, {"model": "recipes.recipe", "pk": 5, "fields": {"title": "Maintaining your Starter - Daily", "description": "Caring for your Starter doesn't have to be hard. Follow our stress free guide to Starter maintenance.", "instructions": "Mix all ingredients together and leave to bubble away.\r\n\r\n\r\n\r\nThe starter will need to be taken out of the fridge the day before you're planning to bake with it. \r\n\r\nWhen you're ready to bake, take your starter out of the  the day before you’re going to make the bread and feed in the way described above. \r\n\r\n\r\n\r\n\r\nIf you are not planning on baking with your starter for a few days you can skip this just make sure you", "image_url": null, "image": "starter.png", "added_date": "2021-03-10T13:09:01.513Z", "premium": false, "featured": false}}, {"model": "recipes.recipe", "pk": 6, "fields": {"title": "Flatbreads", "description": "Sourdough flatbread, perfect for dipping or creating the ultimate kebab. \r\n\r\nThis recipe yields 2 large or 4 small flatbreads.", "instructions": "Wash your hands and get prepared, check ingredients and all your kit. Is it clean and in one place? Heat up your BBQ if your using one. \r\n\r\nMeasure out all your ingredients into the mixing bowl. \r\n\r\nMix together with the finger tips of one hand. Use the other hand to hold the bowl. \r\n\r\nOnce they are mixed together, knead your dough for 7 minutes on the work surface until it is nice and smooth and stretchy. If it is too wet and sticky just add a little more flour. \r\n\r\nNow get your frying pan nice and hot. Your frying pan needs to be between 250-350°C. \r\n\r\nUsing your dough scraper, divide your dough in half and shape into two balls. \r\n\r\nDust your work surface and roll each piece out as big as you can, but no bigger than your pan. If it sticks to the work surface or the surface or the rolling pin then dust with more flour. \r\n\r\nTop the dough pieces if you wish. You could use a pinch of flaky sea salt and any pizza-ish toppings. \r\n\r\nTake one dough piece and gently place in the hot pan, bake for one minute each side until golden. \r\n\r\nTake it off the heat before it burns and allow to cool a little before eating. WARNING the beautiful blister bubbles are with singeing steam. \r\n\r\nNow you just need to decide who to share your second flatbread with!", "image_url": null, "image": "pretzels_2.png", "added_date": "2021-03-10T18:23:21.469Z", "premium": true, "featured": false}}, {"model": "recipes.recipe", "pk": 7, "fields": {"title": "Chocolate Chip Cookies", "description": "A sour twist on a sweet classic. The sourdough starter compliments the sweetness of the chocolate for a complex and delicious treat.", "instructions": "Place all the ingredients in a large bowl or in the bowl of a stand mixer. Mix until a consistent dough forms. \r\n\r\nCover with cling wrap or a tight lid and let it stand overnight on the countertop, if warm, or in a cold oven with the light on. \r\n\r\nIn the morning, punch down the dough and shape the dough into 12 equal-sized balls. Use flour on your palms to roll, if the dough feels sticky. Place the rolls 2 inches apart on a parchment-lined baking sheet. \r\n\r\nSprinkle some flour on top of the rolls, cover with a kitchen towel, and set aside to rise for 2 hours. \r\n\r\nPreheat the oven to 425° F. \r\n\r\nWhen the rolls have risen, score the top of each roll using a sharp knife. Make the cut fast, to prevent the roll from deflating. Scoring gives the gases that form in the bread escape while baking and helps the rolls rise. \r\n\r\nPlace the rolls in the hot oven and bake 25-28 minutes or until the rolls are a light golden-brown. Remove from the oven and continue cooling on a rack.", "image_url": null, "image": "cookies.png", "added_date": "2021-03-10T18:31:31.646Z", "premium": true, "featured": false}}, {"model": "recipes.recipe", "pk": 8, "fields": {"title": "Pretzels", "description": "", "instructions": "", "image_url": null, "image": "pretzels.jpg", "added_date": "2021-03-16T18:52:33.621Z", "premium": true, "featured": false}}, {"model": "recipes.ingredient", "pk": 6, "fields": {"name": "Sourdough Starter", "quantity": 100.0, "unit_of_measurement": "g", "recipe": 4}}, {"model": "recipes.ingredient", "pk": 7, "fields": {"name": "Whole Wheat Flour", "quantity": 80.0, "unit_of_measurement": "g", "recipe": 4}}, {"model": "recipes.ingredient", "pk": 8, "fields": {"name": "White Bread Flour", "quantity": 388.0, "unit_of_measurement": "g", "recipe": 4}}, {"model": "recipes.ingredient", "pk": 9, "fields": {"name": "Warm Water", "quantity": 300.0, "unit_of_measurement": "ml", "recipe": 4}}, {"model": "recipes.ingredient", "pk": 10, "fields": {"name": "Salt", "quantity": 1.0, "unit_of_measurement": "heaped tsp", "recipe": 4}}, {"model": "recipes.ingredient", "pk": 11, "fields": {"name": "Starter", "quantity": 10.0, "unit_of_measurement": "g", "recipe": 5}}, {"model": "recipes.ingredient", "pk": 12, "fields": {"name": "Whole Wheat Flour", "quantity": 40.0, "unit_of_measurement": "g", "recipe": 5}}, {"model": "recipes.ingredient", "pk": 13, "fields": {"name": "White Bread Flour", "quantity": 40.0, "unit_of_measurement": "g", "recipe": 5}}, {"model": "recipes.ingredient", "pk": 14, "fields": {"name": "Warm Water", "quantity": 80.0, "unit_of_measurement": "ml", "recipe": 5}}, {"model": "recipes.ingredient", "pk": 15, "fields": {"name": "Starter", "quantity": 1.0, "unit_of_measurement": "tbsp", "recipe": 6}}, {"model": "recipes.ingredient", "pk": 16, "fields": {"name": "Bread Flour", "quantity": 1.0, "unit_of_measurement": "cup", "recipe": 6}}, {"model": "recipes.ingredient", "pk": 17, "fields": {"name": "Warm Water", "quantity": 0.5, "unit_of_measurement": "cup", "recipe": 6}}, {"model": "recipes.ingredient", "pk": 19, "fields": {"name": "Starter", "quantity": 100.0, "unit_of_measurement": "g", "recipe": 7}}, {"model": "recipes.ingredient", "pk": 20, "fields": {"name": "Unsalted Butter", "quantity": 115.0, "unit_of_measurement": "g", "recipe": 7}}, {"model": "recipes.ingredient", "pk": 21, "fields": {"name": "Light Brown Sugar", "quantity": 210.0, "unit_of_measurement": "g", "recipe": 7}}, {"model": "recipes.ingredient", "pk": 22, "fields": {"name": "Granulated Sugar", "quantity": 96.0, "unit_of_measurement": "g", "recipe": 7}}, {"model": "recipes.ingredient", "pk": 23, "fields": {"name": "Eggs - Room Temperature", "quantity": 2.0, "unit_of_measurement": null, "recipe": 7}}, {"model": "recipes.ingredient", "pk": 24, "fields": {"name": "Milk - Room Temperature", "quantity": 1.0, "unit_of_measurement": "tbsp", "recipe": 7}}, {"model": "recipes.ingredient", "pk": 25, "fields": {"name": "Real Vanilla Extract", "quantity": 1.0, "unit_of_measurement": "tbsp", "recipe": 7}}, {"model": "recipes.ingredient", "pk": 26, "fields": {"name": "All Purpose Flour", "quantity": 238.0, "unit_of_measurement": "g", "recipe": 7}}, {"model": "recipes.ingredient", "pk": 27, "fields": {"name": "White Bread Flour", "quantity": 204.0, "unit_of_measurement": "g", "recipe": 7}}, {"model": "recipes.ingredient", "pk": 28, "fields": {"name": "Baking Soda", "quantity": 1.0, "unit_of_measurement": "g", "recipe": 7}}, {"model": "recipes.ingredient", "pk": 29, "fields": {"name": "Sea Salt", "quantity": 1.25, "unit_of_measurement": "tsp", "recipe": 7}}, {"model": "recipes.ingredient", "pk": 30, "fields": {"name": "Chopped Chocolate (your choice of milk or dark)", "quantity": 300.0, "unit_of_measurement": "g", "recipe": 7}}, {"model": "recipes.ingredient", "pk": 31, "fields": {"name": "Starter", "quantity": 30.0, "unit_of_measurement": "grams", "recipe": 8}}]